"entropy","purity","silhouette","accuracy"
0.157412971623141,0.832869080779944,0.320242267761158,0.768802228412256
